,Country Code,Country
0,AF,Afghanistan
1,F19,Africa not allocated
2,AL,Albania
3,DZ,Algeria
4,AS,American Samoa
5,AO,Angola
6,AI,Anguilla
7,AG,Antigua and Barbuda
8,AR,Argentina
9,AM,Armenia
10,AW,Aruba
11,S19,Asia not allocated
12,AU,Australia
13,AT,Austria
14,AZ,Azerbaijan
15,BS,Bahamas
16,BH,Bahrain
17,BD,Bangladesh
18,BB,Barbados
19,BY,Belarus
20,BE,Belgium
21,R1,Belgo-Luxembourg Economic Union
22,BZ,Belize
23,BJ,Benin
24,BM,Bermuda
25,BT,Bhutan
26,BO,Bolivia
27,BA,Bosnia and Herzegovina
28,BW,Botswana
29,BR,Brazil
30,BN,Brunei Darussalam
31,BG,Bulgaria
32,BF,Burkina Faso
33,BI,Burundi
34,CV,Cabo Verde
35,KH,Cambodia
36,CM,Cameroon
37,CA,Canada
38,CF,Central African Republic
39,TD,Chad
40,CL,Chile
41,HK,"Hong Kong, China"
42,MO,Macao
43,CN,China
44,CO,Colombia
45,KM,Comoros
46,CD,"Congo, the Democratic Republic of the"
47,CG,Congo
48,CR,Costa Rica
49,CI,Cote d`Ivoire
50,_X,Not allocated/unspecified
51,HR,Croatia
52,CU,Cuba
53,CW,Curacao
54,CY,Cyprus
55,CZ,Czech Republic
56,CSH,Former Czechoslovakia
57,DK,Denmark
58,DJ,Djibouti
59,DM,Dominica
60,DO,Dominican Republic
61,DE2,East Germany
62,EC,Ecuador
63,EG,Egypt
64,SV,El Salvador
65,GQ,Equatorial Guinea
66,ER,Eritrea
67,EE,Estonia
68,SZ,Eswatini
69,ET,Ethiopia
70,E19,Europe not allocated
71,FK,Falkland Islands (Malvinas)
72,FO,Faroe Islands
73,FJ,Fiji
74,FI,Finland
75,FR,France
76,PF,French Polynesia
77,GA,Gabon
78,GM,Gambia
79,GE,Georgia
80,DE,Germany
81,GH,Ghana
82,GI,Gibraltar
83,GR,Greece
84,GL,Greenland
85,GD,Grenada
86,GU,Guam
87,GT,Guatemala
88,GN,Guinea
89,GW,Guinea-Bissau
90,GY,Guyana
91,HT,Haiti
92,VA,Holy See (Vatican City State)
93,HN,Honduras
94,HU,Hungary
95,IS,Iceland
96,IN,India
97,ID,Indonesia
98,IR,"Iran, Islamic Republic of"
99,IQ,Iraq
100,IE,Ireland
101,IL,Israel
102,IT,Italy
103,JM,Jamaica
104,JP,Japan
105,JO,Jordan
106,KZ,Kazakhstan
107,KE,Kenya
108,KI,Kiribati
109,KP,"Korea, Democratic People`s Republic of"
110,KR,"Korea, Republic of"
111,XK,"Kosovo, Republic of"
112,KW,Kuwait
113,KG,Kyrgyzstan
114,LA,Lao People`s Democratic Republic
115,LV,Latvia
116,LB,Lebanon
117,LS,Lesotho
118,LR,Liberia
119,LY,Libya
120,LT,Lithuania
121,LU,Luxembourg
122,MG,Madagascar
123,MW,Malawi
124,MY,Malaysia
125,1C_554,"Malaysia, West"
126,MV,Maldives
127,ML,Mali
128,MT,Malta
129,MH,Marshall islands
130,MR,Mauritania
131,MU,Mauritius
132,MX,Mexico
133,FM,"Micronesia, Federated States of"
134,F979,Middle East and Central Asia not specified
135,MD,"Moldova, Republic of"
136,MN,Mongolia
137,ME,Montenegro
138,MS,Montserrat
139,MA,Morocco
140,MZ,Mozambique
141,MM,Myanmar
142,NA,Namibia
143,NR,Nauru
144,NP,Nepal
145,AN,Netherlands Antilles
146,NL,Netherlands
147,NC,New Caledonia
148,NZ,New Zealand
149,NI,Nicaragua
150,NE,Niger
151,NG,Nigeria
152,MK,"North Macedonia, Republic of "
153,1C_958,North Vietnam
154,NO,Norway
155,OM,Oman
156,PK,Pakistan
157,PW,Palau
158,PA,Panama
159,PG,Papua New Guinea
160,PY,Paraguay
161,PE,Peru
162,PH,Philippines
163,PL,Poland
164,PT,Portugal
165,QA,Qatar
166,RO,Romania
167,RU,Russian Federation
168,RW,Rwanda
169,WS,Samoa
170,SM,San Marino
171,ST,Sao Tome and Principe
172,SA,Saudi Arabia
173,SN,Senegal
174,CS,Serbia and Montenegro
175,RS,Serbia
176,SC,Seychelles
177,SL,Sierra Leone
178,SG,Singapore
179,SX,Sint Maarten (Dutch part)
180,SK,Slovakia
181,SI,Slovenia
182,SB,Solomon Islands
183,SO,Somalia
184,ZA,South Africa
185,1C_198,South African Common Customs Area (SACCA)
186,SS,South Sudan
187,ES,Spain
188,XR99,Special Categories and Economic Zones
189,LK,Sri Lanka
190,KN,Saint Kitts and Nevis
191,LC,Saint Lucia
192,VC,Saint Vincent and the Grenadines
193,SD,Sudan
194,SR,Suriname
195,SE,Sweden
196,CH,Switzerland
197,SY,Syrian Arab Republic
198,TW,"Taiwan, Province of China"
199,TJ,Tajikistan
200,TZ,"Tanzania, United Republic of"
201,TH,Thailand
202,TL,Timor-Leste
203,TG,Togo
204,TO,Tonga
205,TT,Trinidad and Tobago
206,TN,Tunisia
207,TR,TÃ¼rkiye
208,TM,Turkmenistan
209,TV,Tuvalu
210,UG,Uganda
211,UA,Ukraine
212,AE,United Arab Emirates
213,GB,United Kingdom
214,US,United States
215,UY,Uruguay
216,SUH,Former U.S.S.R.
217,UZ,Uzbekistan
218,VU,Vanuatu
219,VE,"Venezuela, Bolivarian Republic"
220,VN,Viet Nam
221,PS,"Palestine, State of"
222,A109,Western Hemisphere not allocated
223,1C_473,Yemen Arab Rep.
224,1C_459,"Yemen, P.D. Rep."
225,YE,Yemen
226,YUC,Former Yugoslavia
227,ZM,Zambia
228,ZW,Zimbabwe
229,XR29,Advanced Economies (IMF)
230,F1,Africa
231,R14,Community of Independent States (CIS)
232,XS25,Developing Asia (IMF)
233,XR43,Emerging and Developing Countries
234,1C_903,Emerging and Developing Europe
235,1C_080,Export earnings: fuel
236,1C_092,Export earnings: nonfuel
237,U2,Euro Area (Member States and Institutions of the Euro Area) changing composition
238,E1,Europe
239,B0,EU (Member States and Institutions of the European Union) changing composition
240,F97,Middle East
241,XS5,Middle East and Central Asia
242,1C_440,"Middle East, North Africa, Afghanistan, and Pakistan"
243,X88,Other Countries n.i.e. (IMF)
244,F6,Sub-Saharan Africa
245,A10,Western Hemisphere
246,W00,"All Countries, excluding the IO"
